{"cameraMode":{"drawMode":0,"name":"Shaded","section":"Shading Mode"},"sceneLighting":false,"audioPlay":false,"sceneViewState":{"showFog":true,"showMaterialUpdate":false,"showSkybox":false,"showFlares":true,"showImageEffects":true,"showParticleSystems":true},"in2DMode":false,"pivot":{"x":-0.15306806564331056,"y":0.2710665464401245,"z":-0.16527533531188966},"rotation":{"x":0.2187994122505188,"y":0.5660169720649719,"z":-0.15902754664421082,"w":0.7787577509880066},"size":0.866028368473053,"orthographic":false}