{"cameraMode":{"drawMode":0,"name":"Shaded","section":"Shading Mode"},"sceneLighting":true,"audioPlay":false,"sceneViewState":{"showFog":true,"showMaterialUpdate":false,"showSkybox":false,"showFlares":true,"showImageEffects":true,"showParticleSystems":true},"in2DMode":false,"pivot":{"x":-1.3688735961914063,"y":1.6102886199951172,"z":0.8831448554992676},"rotation":{"x":-0.3487304151058197,"y":-0.5960503816604614,"z":0.3206140697002411,"w":-0.6483317613601685},"size":6.1766037940979,"orthographic":false}