{"cameraMode":{"drawMode":0,"name":"Shaded","section":"Shading Mode"},"sceneLighting":false,"audioPlay":false,"sceneViewState":{"showFog":true,"showMaterialUpdate":false,"showSkybox":false,"showFlares":true,"showImageEffects":true,"showParticleSystems":true},"in2DMode":false,"pivot":{"x":-3.504915237426758,"y":8.857799530029297,"z":21.995893478393556},"rotation":{"x":-0.13909457623958589,"y":0.85589200258255,"z":-0.3986566364765167,"w":-0.29863056540489199},"size":-0.4533563256263733,"orthographic":false}