{"cameraMode":{"drawMode":0,"name":"Shaded","section":"Shading Mode"},"sceneLighting":false,"audioPlay":false,"sceneViewState":{"showFog":true,"showMaterialUpdate":false,"showSkybox":false,"showFlares":true,"showImageEffects":true,"showParticleSystems":true},"in2DMode":false,"pivot":{"x":1.5420560836791993,"y":0.0626068115234375,"z":2.6637415885925295},"rotation":{"x":-0.0717436820268631,"y":-0.6548218131065369,"z":0.06265830993652344,"w":-0.7497614026069641},"size":7.646707057952881,"orthographic":false}