{"cameraMode":{"drawMode":0,"name":"Shaded","section":"Shading Mode"},"sceneLighting":false,"audioPlay":false,"sceneViewState":{"showFog":true,"showMaterialUpdate":false,"showSkybox":false,"showFlares":true,"showImageEffects":true,"showParticleSystems":true},"in2DMode":false,"pivot":{"x":-3.1351318359375,"y":0.804534912109375,"z":-0.29082489013671877},"rotation":{"x":0.017816392704844476,"y":0.7232276797294617,"z":-0.01867145299911499,"w":0.6901317238807678},"size":1.5026929378509522,"orthographic":true}