{"cameraMode":{"drawMode":0,"name":"Shaded","section":"Shading Mode"},"sceneLighting":false,"audioPlay":false,"sceneViewState":{"showFog":true,"showMaterialUpdate":false,"showSkybox":false,"showFlares":true,"showImageEffects":true,"showParticleSystems":true},"in2DMode":false,"pivot":{"x":-0.18554410338401795,"y":0.5474257469177246,"z":-0.06179875135421753},"rotation":{"x":0.19898280501365663,"y":-0.2169799953699112,"z":0.04522782564163208,"w":0.954615592956543},"size":2.0617001056671144,"orthographic":false}