{"cameraMode":{"drawMode":0,"name":"Shaded","section":"Shading Mode"},"sceneLighting":false,"audioPlay":false,"sceneViewState":{"showFog":true,"showMaterialUpdate":false,"showSkybox":false,"showFlares":true,"showImageEffects":true,"showParticleSystems":true},"in2DMode":false,"pivot":{"x":-0.4523731470108032,"y":6.5552449226379398,"z":-0.24379169940948487},"rotation":{"x":-0.37182000279426577,"y":0.06313619017601013,"z":-0.02535839006304741,"w":-0.9258120059967041},"size":8.078484535217286,"orthographic":false}