{"cameraMode":{"drawMode":0,"name":"Shaded","section":"Shading Mode"},"sceneLighting":false,"audioPlay":false,"sceneViewState":{"showFog":true,"showMaterialUpdate":false,"showSkybox":false,"showFlares":true,"showImageEffects":true,"showParticleSystems":true},"in2DMode":false,"pivot":{"x":768.0449829101563,"y":362.036376953125,"z":-37.016448974609378},"rotation":{"x":-0.015309486538171769,"y":0.003597414819523692,"z":-0.00005397950008045882,"w":-0.9998763203620911},"size":223.3664093017578,"orthographic":false}