{"cameraMode":{"drawMode":0,"name":"Shaded","section":"Shading Mode"},"sceneLighting":false,"audioPlay":false,"sceneViewState":{"showFog":true,"showMaterialUpdate":false,"showSkybox":false,"showFlares":true,"showImageEffects":true,"showParticleSystems":true},"in2DMode":false,"pivot":{"x":2.0621373653411867,"y":1.0896116495132447,"z":-1.0760269165039063},"rotation":{"x":0.2232159674167633,"y":-0.3702804744243622,"z":0.0921471044421196,"w":0.8969854116439819},"size":0.15882134437561036,"orthographic":false}