{"cameraMode":{"drawMode":0,"name":"Shaded","section":"Shading Mode"},"sceneLighting":false,"audioPlay":false,"sceneViewState":{"showFog":true,"showMaterialUpdate":false,"showSkybox":false,"showFlares":true,"showImageEffects":true,"showParticleSystems":true},"in2DMode":false,"pivot":{"x":309.80548095703127,"y":291.3155517578125,"z":10.46795654296875},"rotation":{"x":-0.014393586665391922,"y":-0.02340465970337391,"z":0.0003327692684251815,"w":-0.999626100063324},"size":227.4691162109375,"orthographic":false}