{"cameraMode":{"drawMode":0,"name":"Shaded","section":"Shading Mode"},"sceneLighting":false,"audioPlay":false,"sceneViewState":{"showFog":true,"showMaterialUpdate":false,"showSkybox":false,"showFlares":true,"showImageEffects":true,"showParticleSystems":true},"in2DMode":false,"pivot":{"x":-39.21392059326172,"y":12.323627471923829,"z":-37.225345611572269},"rotation":{"x":0.06843508780002594,"y":-0.8678854703903198,"z":0.12479206174612045,"w":0.4759398102760315},"size":77.16577911376953,"orthographic":false}